Description,P Value,Length of the Protein,P Value * Length,"Tetramers, Postion",Tetramers Filtered by Position Difference by 100,"Merged Tetramer, Position, ZValue"
"('WP_070655493.1 MULTISPECIES: homoserine O-acetyltransferase [Bacteria] >MBS6045888.1 homoserine O-acetyltransferase [Neisseria sp.] >OFJ80237.1 homoserine O-acetyltransferase [Neisseria sp. HMSC072F04]',)",0.0004155227023486927,379,0.15748310419015454,"[['SGPL', 105], ['GPLS', 106]]","[['SGPL', 105], ['GPLS', 106]]","[['SGPLS', 105, 0.011205423826762697]]"
"('WP_002883426.1 MULTISPECIES: Sec-independent protein translocase protein TatB [Bacteria] >YP_005224478.1 sec-independent protein translocase TatB [Klebsiella pneumoniae subsp. pneumoniae HS11286] >AGT26540.1 sec-independent protein translocase TatB [Klebsiella pneumoniae JM45] >AKS02644.1 preprotein translocase [Klebsiella pneumoniae UHKPC33] >EEN6777739.1 Sec-independent protein translocase subunit TatB [Salmonella enterica subsp. enterica serovar Saintpaul] >EJK20596.1 sec-independent translocase [Klebsiella pneumoniae subsp. pneumoniae KPNIH19] >EMI00060.1 sec-independent translocase [Klebsiella pneumoniae RYC492] >ENY59591.1 sec-independent translocase [Klebsiella pneumoniae subsp. pneumoniae KpMDU1] >MBC3638843.1 Sec-independent protein translocase subunit TatB [Klebsiella sp. Kps] >MBO3268088.1 Sec-independent protein translocase subunit TatB [Klebsiella sp. KBG1] >MBT9349460.1 Sec-independent protein translocase protein TatB [Providencia stuartii] >MBX8933499.1 Sec-independent protein translocase subunit TatB [Enterobacter sp. K62_1] >NNJ23394.1 Sec-independent protein translocase subunit TatB [Klebsiella sp. KBG6.2] >OJS34748.1 twin arginine-targeting protein translocase TatB [Escherichia coli] >CDK67084.1 Twin-arginine translocation protein TatB [Klebsiella pneumoniae IS10] >CDK72594.1 Twin-arginine translocation protein TatB [Klebsiella pneumoniae IS22] >CDK95741.1 Twin-arginine translocation protein TatB [Klebsiella pneumoniae IS33] >CDL11794.1 Twin-arginine translocation protein TatB [Klebsiella pneumoniae IS43] >CDL13787.1 Twin-arginine translocation protein TatB [Klebsiella pneumoniae IS46] >CDL51810.1 Twin-arginine translocation protein TatB [Klebsiella pneumoniae ISC21] >CDL63221.1 Twin-arginine translocation protein TatB [Klebsiella pneumoniae IS39] >VEC61703.1 Twin-arginine translocation protein TatB [Klebsiella aerogenes] >VFS36389.1 Sec-independent protein translocase protein TatB [Serratia liquefaciens] >HBW8913288.1 Sec-independent protein translocase subunit TatB [Klebsiella pneumoniae subsp. pneumoniae 1158] >HBY9197639.1 Sec-independent protein translocase subunit TatB [Klebsiella pneumoniae CHS 01] >HBY9215160.1 Sec-independent protein translocase subunit TatB [Klebsiella pneumoniae CHS 04] >HCI7301001.1 Sec-independent protein translocase subunit TatB [Klebsiella pneumoniae subsp. pneumoniae Kp001]',)",0.00020883193120528018,178,0.03717208375453987,"[['SLAT', 40], ['SDKP', 174]]",[],"[['SLAT', 40, 0.022023928998316768], ['SDKP', 174, 0.009482047059870229]]"
"('WP_218568816.1 MULTISPECIES: tape measure protein [Bacteria]',)",0.0004155227023486927,1228,0.5102618784841947,"[['SGPL', 484], ['GPLS', 485]]","[['SGPL', 484], ['GPLS', 485]]","[['SGPLS', 484, 0.011205423826762697]]"
"('WP_143112469.1 MULTISPECIES: family 43 glycosylhydrolase [Bacteria] >HCD9885481.1 family 43 glycosylhydrolase [Enterococcus faecium]',)",0.00016444977026849463,469,0.07712694225592398,"[['SLAT', 51], ['PLRL', 405]]",[],"[['SLAT', 51, 0.022023928998316768], ['PLRL', 405, 0.007466867981687696]]"
"('WP_000459594.1 MULTISPECIES: Sec-independent protein translocase protein TatB [Bacteria] >NP_312794.1 TatABCE protein translocation system subunit TatB [Escherichia coli O157:H7 str. Sakai] >NP_709643.1 sec-independent translocase [Shigella flexneri 2a str. 301] >YP_026270.1 twin arginine protein translocation system - TatB protein [Escherichia coli str. K-12 substr. MG1655] >P69425.1 RecName: Full=Sec-independent protein translocase protein TatB [Escherichia coli K-12] >P69426.1 RecName: Full=Sec-independent protein translocase protein TatB [Escherichia coli O157:H7] >P69427.1 RecName: Full=Sec-independent protein translocase protein TatB [Shigella flexneri] >Q0SZ29.1 RecName: Full=Sec-independent protein translocase protein TatB [Shigella flexneri 5 str. 8401] >AGX35770.1 TatABCE protein translocation system subunit [synthetic Escherichia coli C321.deltaA] >AHF27013.1 sec-independent translocase [uncultured bacterium Contig1458] >AMR21270.1 sec-independent translocase [Shigella sp. PAMC 28760] >ECI4400133.1 twin-arginine translocase subunit TatB [Salmonella enterica subsp. enterica] >EDX33834.1 twin arginine-targeting protein translocase TatB [Shigella dysenteriae 1012] >EEC7201079.1 Sec-independent protein translocase subunit TatB [Escherichia coli O11] >EEC7212042.1 Sec-independent protein translocase subunit TatB [Escherichia coli O103] >EER0915881.1 Sec-independent protein translocase subunit TatB [Escherichia coli O168:H8] >EER4144015.1 Sec-independent protein translocase subunit TatB [Escherichia coli O6] >EES8445836.1 Sec-independent protein translocase subunit TatB [Escherichia coli O6:H34] >EES8553045.1 Sec-independent protein translocase subunit TatB [Escherichia coli O168] >EET3379550.1 Sec-independent protein translocase subunit TatB [Escherichia coli O111] >EET3528466.1 Sec-independent protein translocase subunit TatB [Escherichia coli O157:NM] >EEV2840711.1 Sec-independent protein translocase subunit TatB [Escherichia coli O43:H2] >EEW3509300.1 Sec-independent protein translocase subunit TatB [Escherichia coli O156:H25] >EEY1521640.1 Sec-independent protein translocase subunit TatB [Escherichia coli O126] >EEY1570582.1 Sec-independent protein translocase subunit TatB [Escherichia coli O21] >EEY4448542.1 Sec-independent protein translocase subunit TatB [Escherichia coli O116] >EEY4453534.1 Sec-independent protein translocase subunit TatB [Escherichia coli O130] >EEY4479390.1 Sec-independent protein translocase subunit TatB [Escherichia coli O8] >EEY7914741.1 Sec-independent protein translocase subunit TatB [Escherichia coli O21:H28] >EEY7938075.1 Sec-independent protein translocase subunit TatB [Escherichia coli O20:H9] >EEZ5650664.1 Sec-independent protein translocase subunit TatB [Escherichia coli O20] >EEZ5670929.1 Sec-independent protein translocase subunit TatB [Escherichia coli O2] >EEZ5679521.1 Sec-independent protein translocase subunit TatB [Escherichia coli O25] >EEZ5693402.1 Sec-independent protein translocase subunit TatB [Escherichia coli O65] >EEZ5756299.1 Sec-independent protein translocase subunit TatB [Escherichia coli O15] >EEZ5761287.1 Sec-independent protein translocase subunit TatB [Escherichia coli O101] >EEZ5765618.1 Sec-independent protein translocase subunit TatB [Escherichia coli O140] >EEZ5781220.1 Sec-independent protein translocase subunit TatB [Escherichia coli O40] >EEZ5786315.1 Sec-independent protein translocase subunit TatB [Escherichia coli O107] >EEZ5805341.1 Sec-independent protein translocase subunit TatB [Escherichia coli O105] >EEZ5878571.1 Sec-independent protein translocase subunit TatB [Escherichia coli O102] >EEZ5887505.1 Sec-independent protein translocase subunit TatB [Escherichia coli O146] >EEZ5979359.1 Sec-independent protein translocase subunit TatB [Escherichia coli O19] >EEZ6011473.1 Sec-independent protein translocase subunit TatB [Escherichia coli O117] >EEZ6015767.1 Sec-independent protein translocase subunit TatB [Escherichia coli O171] >EEZ6059430.1 Sec-independent protein translocase subunit TatB [Escherichia coli O1] >EEZ6117516.1 Sec-independent protein translocase subunit TatB [Escherichia coli O73] >EEZ6413921.1 Sec-independent protein translocase subunit TatB [Escherichia coli O104] >EEZ6459994.1 Sec-independent protein translocase subunit TatB [Escherichia coli O16] >EEZ6488768.1 Sec-independent protein translocase subunit TatB [Escherichia coli O156] >EEZ6622139.1 Sec-independent protein translocase subunit TatB [Escherichia coli O7] >EEZ6972180.1 Sec-independent protein translocase subunit TatB [Escherichia coli O9] >EEZ6987399.1 Sec-independent protein translocase subunit TatB [Escherichia coli O109] >EEZ7035638.1 Sec-independent protein translocase subunit TatB [Escherichia coli O175] >EEZ7065975.1 Sec-independent protein translocase subunit TatB [Escherichia coli O17] >EEZ8571426.1 Sec-independent protein translocase subunit TatB [Escherichia coli O113] >EEZ8618167.1 Sec-independent protein translocase subunit TatB [Escherichia coli O160] >EEZ8953461.1 Sec-independent protein translocase subunit TatB [Escherichia coli O35] >EEZ9007112.1 Sec-independent protein translocase subunit TatB [Escherichia coli O150] >EEZ9009208.1 Sec-independent protein translocase subunit TatB [Escherichia coli O57:H16] >EEZ9024677.1 Sec-independent protein translocase subunit TatB [Escherichia coli O136] >EEZ9035027.1 Sec-independent protein translocase subunit TatB [Escherichia coli O75] >EEZ9680383.1 Sec-independent protein translocase subunit TatB [Escherichia coli O55] >EEZ9830188.1 Sec-independent protein translocase subunit TatB [Escherichia coli O153] >EEZ9844048.1 Sec-independent protein translocase subunit TatB [Escherichia coli O119] >EEZ9859496.1 Sec-independent protein translocase subunit TatB [Escherichia coli O54] >EEZ9868103.1 Sec-independent protein translocase subunit TatB [Escherichia coli O10] >EFA4031674.1 Sec-independent protein translocase subunit TatB [Escherichia coli O108:H9] >EFA4039077.1 Sec-independent protein translocase subunit TatB [Escherichia coli O120:H10] >EFA4048321.1 Sec-independent protein translocase subunit TatB [Escherichia coli O144] >EFA4052825.1 Sec-independent protein translocase subunit TatB [Escherichia coli O91:H28] >EFA4056714.1 Sec-independent protein translocase subunit TatB [Escherichia coli O38:H26] >EFA4075061.1 Sec-independent protein translocase subunit TatB [Escherichia coli O96] >EFA4090134.1 Sec-independent protein translocase subunit TatB [Escherichia coli OX38:H47] >EFA4119239.1 Sec-independent protein translocase subunit TatB [Escherichia coli O14] >EFA4124225.1 Sec-independent protein translocase subunit TatB [Escherichia coli O49:H9] >EFA4127579.1 Sec-independent protein translocase subunit TatB [Escherichia coli O13] >EFA4132876.1 Sec-independent protein translocase subunit TatB [Escherichia coli OX01:H8] >EFA4137593.1 Sec-independent protein translocase subunit TatB [Escherichia coli O8:H31] >EFA4140485.1 Sec-independent protein translocase subunit TatB [Escherichia coli O78:H42] >EFA4147368.1 Sec-independent protein translocase subunit TatB [Escherichia coli O99:H27] >EFA4150995.1 Sec-independent protein translocase subunit TatB [Escherichia coli O166:H49] >EFA4161241.1 Sec-independent protein translocase subunit TatB [Escherichia coli O174:H7] >EFA4164737.1 Sec-independent protein translocase subunit TatB [Escherichia coli O70:H25] >EFA4169394.1 Sec-independent protein translocase subunit TatB [Escherichia coli O80:H45] >EFA4174658.1 Sec-independent protein translocase subunit TatB [Escherichia coli O163] >EFA4177052.1 Sec-independent protein translocase subunit TatB [Escherichia coli O43:H14] >EFA4183936.1 Sec-independent protein translocase subunit TatB [Escherichia coli O86:H8] >EFA4187454.1 Sec-independent protein translocase subunit TatB [Escherichia coli O128:H42] >EFA4197193.1 Sec-independent protein translocase subunit TatB [Escherichia coli O132] >EFA4202203.1 Sec-independent protein translocase subunit TatB [Escherichia coli O2:H32] >EFA4216219.1 Sec-independent protein translocase subunit TatB [Escherichia coli O19:H42] >EFA4222351.1 Sec-independent protein translocase subunit TatB [Escherichia coli O151:H8] >EFA4228348.1 Sec-independent protein translocase subunit TatB [Escherichia coli O11:H15] >EFA4231926.1 Sec-independent protein translocase subunit TatB [Escherichia coli O40:H32] >EFA4242265.1 Sec-independent protein translocase subunit TatB [Escherichia coli O36:H5] >EFA4255514.1 Sec-independent protein translocase subunit TatB [Escherichia coli O136:H26] >EFA4281578.1 Sec-independent protein translocase subunit TatB [Escherichia coli O167:H9] >EFA4286774.1 Sec-independent protein translocase subunit TatB [Escherichia coli O36] >EFA4295902.1 Sec-independent protein translocase subunit TatB [Escherichia coli O18:H7] >EFA5373468.1 Sec-independent protein translocase subunit TatB [Escherichia coli O53] >EFA8661707.1 Sec-independent protein translocase subunit TatB [Escherichia coli O8:H9] >EFA8810618.1 Sec-independent protein translocase subunit TatB [Escherichia coli O8:H49] >EFA8814683.1 Sec-independent protein translocase subunit TatB [Escherichia coli O74] >EFB4120369.1 Sec-independent protein translocase subunit TatB [Escherichia coli O5] >EFB4130084.1 Sec-independent protein translocase subunit TatB [Escherichia coli O100] >EFB4134076.1 Sec-independent protein translocase subunit TatB [Escherichia coli O8:H36] >EFB4149234.1 Sec-independent protein translocase subunit TatB [Escherichia coli O128] >EFE0992081.1 Sec-independent protein translocase subunit TatB [Escherichia coli O159:H19] >EFE1066444.1 Sec-independent protein translocase subunit TatB [Escherichia coli O113:H36] >EFE2122645.1 Sec-independent protein translocase subunit TatB [Escherichia coli O74:H8] >EFE2142496.1 Sec-independent protein translocase subunit TatB [Escherichia coli O8:H19] >EFL5751553.1 Sec-independent protein translocase subunit TatB [Escherichia coli P12b] >EFN6681733.1 Sec-independent protein translocase subunit TatB [Escherichia coli O179:H8] >EFN6720535.1 Sec-independent protein translocase subunit TatB [Escherichia coli H18] >EFN6735792.1 Sec-independent protein translocase subunit TatB [Escherichia coli H19] >EFN6763311.1 Sec-independent protein translocase subunit TatB [Escherichia coli O45:H11] >EFN6836686.1 Sec-independent protein translocase subunit TatB [Escherichia coli H4] >EFN6842120.1 Sec-independent protein translocase subunit TatB [Escherichia coli H51] >EFN6847272.1 Sec-independent protein translocase subunit TatB [Escherichia coli O139:H19] >EFN7222900.1 Sec-independent protein translocase subunit TatB [Escherichia coli O21:H34] >EFN7230956.1 Sec-independent protein translocase subunit TatB [Escherichia coli O26:H32] >EFN7260112.1 Sec-independent protein translocase subunit TatB [Escherichia coli O162:H9] >EFN7344079.1 Sec-independent protein translocase subunit TatB [Escherichia coli O128:H2] >EFN7363841.1 Sec-independent protein translocase subunit TatB [Escherichia coli O180:H14] >EFN8422362.1 twin-arginine translocase subunit TatB [Escherichia coli O145] >EFN8431921.1 twin-arginine translocase subunit TatB [Escherichia coli O68] >EFN8570665.1 twin-arginine translocase subunit TatB [Escherichia coli O85:H32] >EFN8585512.1 twin-arginine translocase subunit TatB [Escherichia coli O8:H21] >EFN8590279.1 twin-arginine translocase subunit TatB [Escherichia coli O53:H10] >EFN8595014.1 twin-arginine translocase subunit TatB [Escherichia coli O41:H11] >EFN8599352.1 twin-arginine translocase subunit TatB [Escherichia coli O79:H40] >EFN8604651.1 twin-arginine translocase subunit TatB [Escherichia coli O153:H12] >EFN8608919.1 twin-arginine translocase subunit TatB [Escherichia coli O83:H28] >EFN8618763.1 twin-arginine translocase subunit TatB [Escherichia coli H8] >EFN8622747.1 twin-arginine translocase subunit TatB [Escherichia coli O51] >EFN8705979.1 twin-arginine translocase subunit TatB [Escherichia coli O79] >EFO2080712.1 twin-arginine translocase subunit TatB [Escherichia coli O409] >EFO2115571.1 twin-arginine translocase subunit TatB [Escherichia coli O106] >EFO2289523.1 twin-arginine translocase subunit TatB [Escherichia coli O148] >EFO3053978.1 twin-arginine translocase subunit TatB [Escherichia coli O32] >EFQ00455.1 twin arginine-targeting protein translocase TatB [Escherichia coli 1827-70] >EFW54762.1 Twin-arginine translocation protein TatB [Shigella boydii ATCC 9905] >EFZ41430.1 twin arginine-targeting protein translocase TatB [Escherichia coli EPECa14] >EFZ59086.1 twin arginine-targeting protein translocase TatB [Escherichia coli LT-68] >EGB64605.1 twin arginine-targeting protein translocase TatB [Escherichia coli TA007] >EGI34079.1 Sec-independent protein translocase protein TatB [Escherichia coli TA271] >EGI38992.1 Sec-independent protein translocase protein TatB [Escherichia coli TA280] >EGI90171.1 twin arginine-targeting protein translocase TatB [Shigella dysenteriae 155-74] >EGJ81426.1 twin arginine-targeting protein translocase TatB [Shigella flexneri K-671] >EGJ82656.1 twin arginine-targeting protein translocase TatB [Shigella flexneri 2747-71] >EGK17775.1 twin arginine-targeting protein translocase TatB [Shigella flexneri K-218] >EGK17818.1 twin arginine-targeting protein translocase TatB [Shigella flexneri K-272] >EGK32882.1 twin arginine-targeting protein translocase TatB [Shigella flexneri K-304] >EGK33120.1 twin arginine-targeting protein translocase TatB [Shigella flexneri K-227] >EGO8472061.1 Sec-independent protein translocase subunit TatB [Escherichia coli O143:H4] >EGO9529641.1 Sec-independent protein translocase subunit TatB [Escherichia coli O24] >EGR60988.1 sec-independent translocase [Escherichia coli O104:H4 str. 01-09591] >EGR72040.1 sec-independent translocase [Escherichia coli O104:H4 str. LB226692] >EGU26672.1 sec-independent translocase [Escherichia coli XH140A] >EGW63875.1 twin arginine-targeting protein translocase TatB [Escherichia coli 2534-86] >EGX01706.1 twin arginine-targeting protein translocase TatB [Escherichia coli G58-1] >EGX19614.1 twin arginine-targeting protein translocase TatB [Escherichia coli TX1999] >EHD3364411.1 Sec-independent protein translocase subunit TatB [Escherichia coli O124] >EHD3367824.1 Sec-independent protein translocase subunit TatB [Escherichia coli O28ac] >EHD3400936.1 Sec-independent protein translocase subunit TatB [Escherichia coli O152] >EHD3417840.1 Sec-independent protein translocase subunit TatB [Escherichia coli O167] >EHP63042.1 sec-independent protein translocase tatB [Escherichia coli 4_1_47FAA] >EHU53862.1 twin arginine-targeting protein translocase TatB [Escherichia coli DEC3B] >EHU66239.1 twin arginine-targeting protein translocase TatB [Escherichia coli DEC3C] >EHU68074.1 twin arginine-targeting protein translocase TatB [Escherichia coli DEC3D] >EHU70555.1 twin arginine-targeting protein translocase TatB [Escherichia coli DEC3E] >EHU81096.1 twin arginine-targeting protein translocase TatB [Escherichia coli DEC3F] >EHU86992.1 twin arginine-targeting protein translocase TatB [Escherichia coli DEC4A] >EHU90618.1 twin arginine-targeting protein translocase TatB [Escherichia coli DEC4B] >EHV01130.1 twin arginine-targeting protein translocase TatB [Escherichia coli DEC4D] >EHV01591.1 twin arginine-targeting protein translocase TatB [Escherichia coli DEC4C] >EHV15876.1 twin arginine-targeting protein translocase TatB [Escherichia coli DEC4F] >EHV20578.1 twin arginine-targeting protein translocase TatB [Escherichia coli DEC4E] >EHV51910.1 twin arginine-targeting protein translocase TatB [Escherichia coli DEC6B] >EHV55801.1 twin arginine-targeting protein translocase TatB [Escherichia coli DEC6C] >EHV66676.1 twin arginine-targeting protein translocase TatB [Escherichia coli DEC6D] >EHW02456.1 twin arginine-targeting protein translocase TatB [Escherichia coli DEC8B] >EHW05390.1 twin arginine-targeting protein translocase TatB [Escherichia coli DEC8A] >EHW10555.1 twin arginine-targeting protein translocase TatB [Escherichia coli DEC8C] >EHW36620.1 twin arginine-targeting protein translocase TatB [Escherichia coli DEC8E] >EHW58645.1 twin arginine-targeting protein translocase TatB [Escherichia coli DEC10A] >EHW63819.1 twin arginine-targeting protein translocase TatB [Escherichia coli DEC10B] >EHW81203.1 twin arginine-targeting protein translocase TatB [Escherichia coli DEC10C] >EHW83380.1 twin arginine-targeting protein translocase TatB [Escherichia coli DEC10D] >EHX07265.1 twin arginine-targeting protein translocase TatB [Escherichia coli DEC11C] >EHX22408.1 twin arginine-targeting protein translocase TatB [Escherichia coli DEC12B] >EHX26412.1 twin arginine-targeting protein translocase TatB [Escherichia coli DEC12C] >EHX75089.1 twin arginine-targeting protein translocase TatB [Escherichia coli DEC14B] >EHX84153.1 twin arginine-targeting protein translocase TatB [Escherichia coli DEC14C] >EIH0323179.1 Sec-independent protein translocase subunit TatB [Escherichia coli O112] >EIH0661381.1 Sec-independent protein translocase subunit TatB [Escherichia coli O158] >EIH1071182.1 Sec-independent protein translocase subunit TatB [Escherichia coli O7:H18] >EIH1080688.1 Sec-independent protein translocase subunit TatB [Escherichia coli O163:H38] >EII36412.1 twin arginine-targeting protein translocase TatB [Escherichia coli 4.0967] >EIQ04181.1 twin arginine-targeting protein translocase TatB [Shigella flexneri 2850-71] >EIQ04637.1 twin arginine-targeting protein translocase TatB [Shigella flexneri K-1770] >EIQ21699.1 twin arginine-targeting protein translocase TatB [Shigella flexneri K-404] >EIQ36104.1 twin arginine-targeting protein translocase TatB [Shigella sonnei 3226-85] >EIQ39309.1 twin arginine-targeting protein translocase TatB [Shigella sonnei 3233-85] >EIQ49979.1 twin arginine-targeting protein translocase TatB [Shigella sonnei 4822-66] >EIQ60780.1 twin arginine-targeting protein translocase TatB [Shigella flexneri 1235-66] >EIQ67716.1 twin arginine-targeting protein translocase TatB [Escherichia coli EPEC C342-62] >EJL10878.1 twin arginine-targeting protein translocase TatB [Shigella flexneri 6603-63] >EJL11377.1 twin arginine-targeting protein translocase TatB [Shigella sonnei str. Moseley] >ELF16339.1 sec-independent protein translocase tatB [Escherichia coli KTE156] >EQY95201.1 sec-independent protein translocase tatB [Escherichia coli UMEA 3318-1] >EST75284.1 sec-independent translocase [Escherichia coli ECA-727] >EST89092.1 sec-independent translocase [Escherichia coli ECA-0157] >EYD94563.1 twin arginine-targeting protein translocase TatB [Escherichia coli 1-110-08_S4_C3] >EYD95532.1 twin arginine-targeting protein translocase TatB [Escherichia coli 1-110-08_S4_C2] >EYD98013.1 twin arginine-targeting protein translocase TatB [Escherichia coli 1-110-08_S4_C1] >EYE10323.1 twin arginine-targeting protein translocase TatB [Escherichia coli 1-110-08_S3_C3] >EYE17021.1 twin arginine-targeting protein translocase TatB [Escherichia coli 1-110-08_S3_C2] >EYE19329.1 twin arginine-targeting protein translocase TatB [Escherichia coli 1-110-08_S3_C1] >EZA23402.1 preprotein translocase [Escherichia coli O113:H21 str. 07-4224] >EZK14496.1 twin arginine-targeting protein translocase TatB [Escherichia coli 1-176-05_S1_C2] >KAE9700439.1 Sec-independent protein translocase subunit TatB [Enterobacteriaceae bacterium TzEc077] >KAE9897880.1 Sec-independent protein translocase subunit TatB [Enterobacteriaceae bacterium TzEc052] >KAE9906870.1 Sec-independent protein translocase subunit TatB [Enterobacteriaceae bacterium TzEc051] >MBB2253571.1 Sec-independent protein translocase subunit TatB [Escherichia sp. 0.2392] >MBB2332898.1 Sec-independent protein translocase subunit TatB [Escherichia sp. 93.0816] >MBE5071869.1 Sec-independent protein translocase subunit TatB [Escherichia sp. DSM 109009] >MBP6376598.1 Sec-independent protein translocase subunit TatB [Escherichia sp.] >MBT9747488.1 Sec-independent protein translocase subunit TatB [Enterobacteriaceae bacterium MCC505] >MBU4625119.1 Sec-independent protein translocase subunit TatB [Shigella sp. GCP5] >MBU5561747.1 Sec-independent protein translocase protein TatB [Escherichia sp. S69_ASV_4] >MBU5598689.1 Sec-independent protein translocase protein TatB [Escherichia sp. S85_ASV_4] >MBU5658333.1 Sec-independent protein translocase protein TatB [Escherichia sp. S2_ASV_4] >MBY0616681.1 Sec-independent protein translocase protein TatB [Escherichia sp. TF21-Red] >MBY0630227.1 Sec-independent protein translocase protein TatB [Escherichia sp. NIC32-2] >MBY0639430.1 Sec-independent protein translocase protein TatB [Escherichia sp. NIC20] >MBY0644048.1 Sec-independent protein translocase protein TatB [Escherichia sp. NIC33] >MBY0648151.1 Sec-independent protein translocase protein TatB [Escherichia sp. NIC18-1] >MBY0653349.1 Sec-independent protein translocase protein TatB [Escherichia sp. NIC12-1] >MBY0658113.1 Sec-independent protein translocase protein TatB [Escherichia sp. NIC24-2-1] >MBY0662819.1 Sec-independent protein translocase protein TatB [Escherichia sp. NIC5-1] >MBY0667513.1 Sec-independent protein translocase protein TatB [Escherichia sp. NIC4-1] >MBY0672082.1 Sec-independent protein translocase protein TatB [Escherichia sp. NIC26-1] >MBY0676738.1 Sec-independent protein translocase protein TatB [Escherichia sp. NIC10] >MBY0680993.1 Sec-independent protein translocase protein TatB [Escherichia sp. NT35] >MBY0685935.1 Sec-independent protein translocase protein TatB [Escherichia sp. NIC3-2] >MBY0699059.1 Sec-independent protein translocase protein TatB [Escherichia sp. NT45] >MBY0702454.1 Sec-independent protein translocase protein TatB [Escherichia sp. M623] >MBY0707573.1 Sec-independent protein translocase protein TatB [Escherichia sp. M626] >MBY0710788.1 Sec-independent protein translocase protein TatB [Escherichia sp. M612] >MBY0724038.1 Sec-independent protein translocase protein TatB [Escherichia sp. M608] >MBY0726828.1 Sec-independent protein translocase protein TatB [Escherichia sp. M593] >MBY7218991.1 Sec-independent protein translocase protein TatB [Escherichia ruysiae] >MBY7620975.1 Sec-independent protein translocase protein TatB [Escherichia marmotae] >MCC2208164.1 Sec-independent protein translocase protein TatB [Enterobacteriaceae bacterium CLA-AA-H239] >MCL7666002.1 Sec-independent protein translocase protein TatB [Klebsiella pneumoniae] >MCQ9241240.1 Sec-independent protein translocase protein TatB [Acinetobacter baumannii] >MSS05928.1 Sec-independent protein translocase subunit TatB [Enterobacteriaceae bacterium] >MTW47072.1 Sec-independent protein translocase subunit TatB [Escherichia sp. JL983] >MVW44488.1 Sec-independent protein translocase subunit TatB [Enterobacteriaceae bacterium TzEc013] >MVY09091.1 Sec-independent protein translocase subunit TatB [Enterobacteriaceae bacterium 8376wH8] >MVY30114.1 Sec-independent protein translocase subunit TatB [Enterobacteriaceae bacterium 8376wD8] >MVY94111.1 Sec-independent protein translocase subunit TatB [Enterobacteriaceae bacterium 8376wD7] >MVZ09611.1 Sec-independent protein translocase subunit TatB [Enterobacteriaceae bacterium 8376wG6] >MXC82667.1 Sec-independent protein translocase subunit TatB [Escherichia sp. HH26CH] >MXE42724.1 Sec-independent protein translocase subunit TatB [Escherichia sp. HH41S] >NYV85737.1 Sec-independent protein translocase subunit TatB [Escherichia sp. Gen1] >ODG73524.1 twin arginine-targeting protein translocase TatB [Shigella sp. FC2045] >ODG80445.1 twin arginine-targeting protein translocase TatB [Shigella sp. FC2928] >ODJ20173.1 twin arginine-targeting protein translocase TatB [Shigella sp. FC1180] >ODJ21216.1 twin arginine-targeting protein translocase TatB [Shigella sp. FC1172] >ODQ17021.1 twin arginine-targeting protein translocase TatB [Shigella sp. FC1139] >OSK09896.1 Sec-independent protein translocase protein TatB [Escherichia coli FVEC1465] >OSL67501.1 Sec-independent protein translocase protein TatB [Escherichia coli TA008] >QGL43014.1 Sec-independent protein translocase subunit TatB [Salmonella sp. HNK130] >QHN47682.1 Sec-independent protein translocase subunit TatB [Salmonella sp. S13] >QTF40791.1 Sec-independent protein translocase subunit TatB [Escherichia coli O176:H45] >RDZ21728.1 twin-arginine translocase subunit TatB [Enterobacter sp. EC-NT1] >TKT79612.1 Sec-independent protein translocase subunit TatB [Escherichia sp. MR] >CDK47845.1 Twin-arginine translocation protein TatB [Escherichia coli IS1] >CDK74318.1 Twin-arginine translocation protein TatB [Klebsiella pneumoniae IS22] >CDL28190.1 Twin-arginine translocation protein TatB [Escherichia coli ISC7] >SAP83591.1 twin-arginine translocation protein TatB [Klebsiella oxytoca] >VTQ29285.1 Sec-independent protein translocase protein TatB [Streptococcus pneumoniae] >BAL40416.1 tatABCE protein translocation system subunit [Escherichia coli str. K-12 substr. MDS42] >HAB20283.1 twin-arginine translocase subunit TatB [Shigella sp.] >HAJ6404448.1 Sec-independent protein translocase subunit TatB [Escherichia coli HVH 101 (4-6859844)] >HAY5675193.1 Sec-independent protein translocase subunit TatB [Shigella flexneri 1b] >HAY5775821.1 Sec-independent protein translocase subunit TatB [Shigella flexneri 3b] >HAY5876063.1 Sec-independent protein translocase subunit TatB [Shigella flexneri 5b] >HAY6209399.1 Sec-independent protein translocase subunit TatB [Shigella flexneri X variant] >HCA6861358.1 Sec-independent protein translocase subunit TatB [Escherichia coli O21:H2] >HCA7284035.1 Sec-independent protein translocase subunit TatB [Escherichia coli O157:H45] >HCB3975093.1 Sec-independent protein translocase subunit TatB [Escherichia coli O25b:H4-ST131] >HCC7245686.1 Sec-independent protein translocase subunit TatB [Escherichia coli O141:H32]',)",0.00020883193120528018,171,0.03571026023610291,"[['SLAT', 40], ['SDKP', 167]]",[],"[['SLAT', 40, 0.022023928998316768], ['SDKP', 167, 0.009482047059870229]]"
"('WP_003237921.1 MULTISPECIES: hypothetical protein [Bacteria] >ELQ11881.1 hypothetical protein A986_21625 [Pseudomonas fluorescens BRIP34879] >MCQ9185970.1 hypothetical protein [Streptomyces sp. IBSBF 2953]',)",0.0004155227023486927,438,0.1819989436287274,"[['SGPL', 241], ['GPLS', 242]]","[['SGPL', 241], ['GPLS', 242]]","[['SGPLS', 241, 0.011205423826762697]]"
"('WP_000007848.1 MULTISPECIES: replication/maintenance protein RepL [Bacteria] >EBT3290480.1 hypothetical protein [Salmonella enterica] >EJF8242982.1 replication/maintenance protein RepL [Shigella flexneri] >MBD4158511.1 hypothetical protein [Xanthomonas citri pv. citri] >EAC2101435.1 hypothetical protein [Escherichia coli] >EEC8235802.1 hypothetical protein [Escherichia coli]',)",0.00016444977026849463,183,0.030094307959134516,"[['PLRL', 119], ['SLAT', 123]]","[['PLRL', 119, 0.007466867981687696], ['SLAT', 123, 0.022023928998316768]]","[['PLRL', 119, 0.007466867981687696], ['SLAT', 123, 0.022023928998316768]]"
"('WP_064096999.1 MULTISPECIES: ABC transporter ATP-binding protein [Bacteria] >MBD8009888.1 ABC transporter ATP-binding protein [Acinetobacter pecorum] >OAL82050.1 ABC transporter ATP-binding protein [Acinetobacter sp. SFA] >OAL82446.1 ABC transporter ATP-binding protein [Acinetobacter sp. SFD] >UVB01698.1 Dipeptide transport ATP-binding protein DppD [Acinetobacter lwoffii]',)",0.00016444977026849463,578,0.0950519672151899,"[['SLAT', 59], ['PLRL', 275]]",[],"[['SLAT', 59, 0.022023928998316768], ['PLRL', 275, 0.007466867981687696]]"
"('WP_205870135.1 MULTISPECIES: cbb3-type cytochrome c oxidase subunit II, partial [Bacteria] >RXR36575.1 peptidase S41, partial [Mycobacterium tuberculosis]',)",9.286553401802777e-05,79,0.007336377187424194,"[['SPLR', 56], ['PLRL', 57]]","[['SPLR', 56], ['PLRL', 57]]","[['SPLRL', 56, 0.012437012981316683]]"
"('WP_010727107.1 MULTISPECIES: DUF5597 domain-containing protein [Bacteria] >EGP5084598.1 DNA recombination protein RuvA [Enterococcus faecium] >EOG06715.1 hypothetical protein SKO_01855 [Enterococcus faecium EnGen0170] >EOM20327.1 hypothetical protein SSQ_01656 [Enterococcus faecium EnGen0193] >NTL72514.1 DUF5597 domain-containing protein [Enterococcus faecium] >PQC06048.1 DNA recombination protein RuvA [Enterococcus faecium]',)",0.0001868967328011138,518,0.09681250759097694,"[['TLKI', 385], ['LKIH', 386]]","[['TLKI', 385], ['LKIH', 386]]","[['TLKIH', 385, 0.0064358334491583695]]"
"('WP_049542540.1 MULTISPECIES: S-adenosyl-l-methionine hydroxide adenosyltransferase family protein [Bacteria] >MQP82761.1 DNA-directed RNA polymerase subunit delta [Streptococcus mitis] >MQQ40681.1 DNA-directed RNA polymerase subunit delta [Streptococcus mitis] >MQQ61713.1 DNA-directed RNA polymerase subunit delta [Streptococcus mitis] >ORP06046.1 DNA-directed RNA polymerase subunit delta [Streptococcus mitis] >VTS45147.1 Molybdate/tungstate binding protein [Streptococcus mitis]',)",0.0001868967328011138,282,0.05270487864991409,"[['TLKI', 31], ['LKIH', 32]]","[['TLKI', 31], ['LKIH', 32]]","[['TLKIH', 31, 0.0064358334491583695]]"
"('WP_081116477.1 MULTISPECIES: DUF5067 domain-containing protein [Bacteria] >OQO86027.1 DUF5067 domain-containing protein [Enterococcus casseliflavus]',)",0.00014174233892925604,190,0.026931044396558648,"[['SLAT', 43], ['TLKI', 69]]","[['SLAT', 43, 0.022023928998316768], ['TLKI', 69, 0.0064358334491583695]]","[['SLAT', 43, 0.022023928998316768], ['TLKI', 69, 0.0064358334491583695]]"
"('WP_000107627.1 MULTISPECIES: 3-(3-hydroxy-phenyl)propionate transporter [Bacteria] >NP_414887.2 3-hydroxyphenylpropionate/3-hydroxycinnamate:H(+) symporter [Escherichia coli str. K-12 substr. MG1655] >P77589.2 RecName: Full=3-(3-hydroxy-phenyl)propionate transporter; Short=3HPP transporter; AltName: Full=3-(3-hydroxy-phenyl)propionate:H(+) symporter; Short=3HPP:H(+) symporter [Escherichia coli K-12] >ACB01486.1 predicted 3-hydroxyphenylpropionic transporter [Escherichia coli str. K-12 substr. DH10B] >AFG39258.1 Putative transport protein [Escherichia coli P12b] >AGX32509.1 putative 3-hydroxyphenylpropionic transporter [synthetic Escherichia coli C321.deltaA] >AMR22112.1 3-(3-hydroxy-phenyl)propionate transporter MhpT [Shigella sp. PAMC 28760] >EEY7948123.1 3-(3-hydroxy-phenyl)propionate transporter [Escherichia coli H30] >EEZ5693064.1 3-(3-hydroxy-phenyl)propionate transporter [Escherichia coli O65] >EEZ5785449.1 3-(3-hydroxy-phenyl)propionate transporter [Escherichia coli O107] >EEZ6031192.1 3-(3-hydroxy-phenyl)propionate transporter [Escherichia coli O101] >EEZ6072973.1 3-(3-hydroxy-phenyl)propionate transporter [Escherichia coli O6] >EEZ6458689.1 3-(3-hydroxy-phenyl)propionate transporter [Escherichia coli O16] >EEZ6617069.1 3-(3-hydroxy-phenyl)propionate transporter [Escherichia coli O21] >EEZ8623492.1 3-(3-hydroxy-phenyl)propionate transporter [Escherichia coli O17] >EEZ9697518.1 3-(3-hydroxy-phenyl)propionate transporter [Escherichia coli O1] >EEZ9758088.1 3-(3-hydroxy-phenyl)propionate transporter [Escherichia coli O25] >EFA4056141.1 3-(3-hydroxy-phenyl)propionate transporter [Escherichia coli O38:H26] >EFA4180070.1 3-(3-hydroxy-phenyl)propionate transporter [Escherichia coli O43:H14] >EFA4231848.1 3-(3-hydroxy-phenyl)propionate transporter [Escherichia coli O40:H32] >EFA6548524.1 3-(3-hydroxy-phenyl)propionate transporter [Escherichia coli O157:H7] >EFA8199425.1 3-(3-hydroxy-phenyl)propionate transporter [Escherichia coli O157] >EFB4110745.1 3-(3-hydroxy-phenyl)propionate transporter [Escherichia coli O53] >EFN7230097.1 3-(3-hydroxy-phenyl)propionate transporter [Escherichia coli O26:H32] >EFN7258748.1 3-(3-hydroxy-phenyl)propionate transporter [Escherichia coli O162:H9] >EFN8411507.1 3-(3-hydroxy-phenyl)propionate transporter [Escherichia coli O7] >EFN8542753.1 3-(3-hydroxy-phenyl)propionate transporter [Escherichia coli O117] >EFN8569985.1 3-(3-hydroxy-phenyl)propionate transporter [Escherichia coli O85:H32] >EFN8597464.1 3-(3-hydroxy-phenyl)propionate transporter [Escherichia coli O79:H40] >EFN8622008.1 3-(3-hydroxy-phenyl)propionate transporter [Escherichia coli O51] >EFN8660494.1 3-(3-hydroxy-phenyl)propionate transporter [Escherichia coli O2] >EFN8703574.1 3-(3-hydroxy-phenyl)propionate transporter [Escherichia coli O79] >EFO2086008.1 3-(3-hydroxy-phenyl)propionate transporter [Escherichia coli O109] >EFO2093943.1 3-(3-hydroxy-phenyl)propionate transporter [Escherichia coli O19] >EGB67586.1 H+ symporter family protein [Escherichia coli TA007] >EGU26332.1 putative 3-hydroxyphenylpropionic transporter MhpT [Escherichia coli XH140A] >EHV64754.1 H+ symporter family protein [Escherichia coli DEC6B] >EHV66807.1 H+ symporter family protein [Escherichia coli DEC6C] >EIH0321862.1 3-(3-hydroxy-phenyl)propionate transporter [Escherichia coli O112] >EIH0602907.1 3-(3-hydroxy-phenyl)propionate transporter [Escherichia coli O55] >ELF22371.1 3-hydroxyphenylpropionic transporter [Escherichia coli KTE156] >EST80569.1 putative 3-hydroxyphenylpropionic transporter MhpT [Escherichia coli ECA-727] >EYE14908.1 sugar (and other) transporter family protein [Escherichia coli 1-110-08_S3_C3] >EYE29450.1 sugar (and other) transporter family protein [Escherichia coli 1-110-08_S3_C2] >EZK24428.1 sugar (and other) transporter family protein [Escherichia coli 1-176-05_S1_C2] >MBT9744536.1 3-(3-hydroxy-phenyl)propionate transporter [Enterobacteriaceae bacterium MCC505] >MCC2207510.1 3-(3-hydroxy-phenyl)propionate transporter [Enterobacteriaceae bacterium CLA-AA-H239] >OSL80574.1 putative 3-hydroxyphenylpropionic acid transporter [Escherichia coli TA008] >QGL43759.1 3-(3-hydroxy-phenyl)propionate transporter [Salmonella sp. HNK130] >QHN44447.1 3-(3-hydroxy-phenyl)propionate transporter [Salmonella sp. S13] >CDK76330.1 4-hydroxybenzoate transporter [Klebsiella pneumoniae IS22] >BAL37583.1 predicted 3-hydroxyphenylpropionic transporter [Escherichia coli str. K-12 substr. MDS42] >HAC39022.1 3-(3-hydroxy-phenyl)propionate transporter [Shigella sp.] >HAJ6404355.1 3-(3-hydroxy-phenyl)propionate transporter [Escherichia coli HVH 101 (4-6859844)] >HAL7222471.1 3-(3-hydroxy-phenyl)propionate transporter [Escherichia coli 042] >HBA3504052.1 3-(3-hydroxy-phenyl)propionate transporter [Escherichia coli O157:H7 str. EC10] >HCA6862059.1 3-(3-hydroxy-phenyl)propionate transporter [Escherichia coli O21:H2] >HCB3977102.1 3-(3-hydroxy-phenyl)propionate transporter [Escherichia coli O25b:H4-ST131] >HCC7243966.1 3-(3-hydroxy-phenyl)propionate transporter [Escherichia coli O141:H32]',)",0.0002467874587566686,403,0.09945534587893745,"[['SLAT', 93], ['SGPL', 353]]",[],"[['SLAT', 93, 0.022023928998316768], ['SGPL', 353, 0.011205423826762697]]"
"('WP_065804385.1 MULTISPECIES: OmpA family protein [Bacteria] >SBY28362.1 OmpA domain-containing protein [Klebsiella pneumoniae] >SVS98851.1 OmpA domain-containing protein [Klebsiella pneumoniae] >SXL63111.1 OmpA domain-containing protein [Klebsiella pneumoniae] >VGP60426.1 putative lipoprotein YiaD [Klebsiella pneumoniae] >HBV3697253.1 OmpA family protein [Klebsiella pneumoniae]',)",1.0405976675706503e-06,567,0.0005900188775125587,"[['PSLP', 258], ['PLRL', 384], ['RPPE', 409]]","[['PLRL', 384, 0.007466867981687696], ['RPPE', 409, 0.012437012981316683]]","[['PSLP', 258, 0.011205423826762697], ['PLRL', 384, 0.007466867981687696], ['RPPE', 409, 0.012437012981316683]]"
"('WP_229203504.1 MULTISPECIES: phage/plasmid primase, P4 family [Bacteria]',)",7.211624147627555e-05,782,0.05639490083444748,"[['PSLP', 457], ['TLKI', 531]]","[['PSLP', 457, 0.011205423826762697], ['TLKI', 531, 0.0064358334491583695]]","[['PSLP', 457, 0.011205423826762697], ['TLKI', 531, 0.0064358334491583695]]"
"('WP_004194177.1 MULTISPECIES: 16S rRNA (guanine(527)-N(7))-methyltransferase RsmG [Bacteria] >AEB80873.1 methyltransferase GidB [Streptococcus suis ST3] >AER16678.1 methyltransferase GidB [Streptococcus suis D9] >AGW86773.1 rRNA small subunit 7-methylguanosine (m7G) methyltransferase GidB [Streptococcus suis YB51] >ALA28109.1 16S rRNA methyltransferase [Streptococcus suis] >AML47469.1 16S rRNA (guanine(527)-N(7))-methyltransferase RsmG [Streptococcus suis]',)",8.36694203932948e-05,237,0.01982965263321087,"[['PLRL', 70], ['PSLP', 83]]","[['PLRL', 70, 0.007466867981687696], ['PSLP', 83, 0.011205423826762697]]","[['PLRL', 70, 0.007466867981687696], ['PSLP', 83, 0.011205423826762697]]"
"('WP_142423260.1 MULTISPECIES: 1,4-dihydroxy-2-naphthoate polyprenyltransferase [Bacteria]',)",0.00014174233892925604,317,0.044932321440574165,"[['TLKI', 1], ['SLAT', 173]]",[],"[['TLKI', 1, 0.0064358334491583695], ['SLAT', 173, 0.022023928998316768]]"
"('WP_130083425.1 MULTISPECIES: DoxX family membrane protein [Bacteria] >KAA3165664.1 DoxX family membrane protein [Akkermansia sp. BIOML-A60] >KAA3167519.1 DoxX family membrane protein [Akkermansia sp. BIOML-A63] >KAA3174766.1 DoxX family membrane protein [Akkermansia sp. BIOML-A61] >KAA3196534.1 DoxX family membrane protein [Akkermansia sp. BIOML-A54] >KAA3222402.1 DoxX family membrane protein [Akkermansia sp. BIOML-A41] >KAA3243590.1 DoxX family membrane protein [Akkermansia sp. BIOML-A40] >MBS6779339.1 DoxX family membrane protein [Akkermansia sp.]',)",8.36694203932948e-05,350,0.02928429713765318,"[['PLRL', 24], ['SGPL', 181]]",[],"[['PLRL', 24, 0.007466867981687696], ['SGPL', 181, 0.011205423826762697]]"
"('WP_050585063.1 MULTISPECIES: DUF4982 domain-containing protein [Bacteria] >MBW8107708.1 DUF4982 domain-containing protein [Streptococcus pseudopneumoniae] >NIB79093.1 DUF4982 domain-containing protein [Streptococcus pseudopneumoniae] >TMR66893.1 DUF4982 domain-containing protein [Streptococcus pseudopneumoniae]',)",2.4297616509816053e-06,1262,0.003066359203538786,"[['LKIH', 291], ['PLRL', 937], ['PSLP', 1181]]",[],"[['LKIH', 291, 0.02904002011201125], ['PLRL', 937, 0.007466867981687696], ['PSLP', 1181, 0.011205423826762697]]"
"('WP_002339845.1 MULTISPECIES: helix-turn-helix transcriptional regulator [Bacteria] >QCJ65002.1 transcriptional regulator [Lactobacillus sp. Koumiss] >EGP4902080.1 helix-turn-helix transcriptional regulator [Enterococcus faecium] >EGP5122097.1 transcriptional regulator [Enterococcus faecium] >EGP5640107.1 transcriptional regulator [Enterococcus faecium] >ELB22802.1 hypothetical protein OIU_04992 [Enterococcus faecium EnGen0039]',)",9.286553401802777e-05,120,0.011143864082163332,"[['SPLR', 36], ['PLRL', 37]]","[['SPLR', 36], ['PLRL', 37]]","[['SPLRL', 36, 0.012437012981316683]]"
"('WP_053090695.1 MULTISPECIES: DUF4982 domain-containing protein [Bacteria]',)",2.4297616509816053e-06,1262,0.003066359203538786,"[['LKIH', 291], ['PLRL', 937], ['PSLP', 1181]]",[],"[['LKIH', 291, 0.02904002011201125], ['PLRL', 937, 0.007466867981687696], ['PSLP', 1181, 0.011205423826762697]]"
"('WP_077071195.1 MULTISPECIES: VWA-like domain-containing protein [Bacteria]',)",4.8055518716995314e-05,474,0.02277831587185578,"[['PLRL', 89], ['TLKI', 340]]",[],"[['PLRL', 89, 0.007466867981687696], ['TLKI', 340, 0.0064358334491583695]]"
"('WP_119638269.1 MULTISPECIES: replication/maintenance protein RepL [Bacteria] >EBG8591954.1 hypothetical protein [Salmonella enterica] >ECD4884334.1 hypothetical protein [Salmonella enterica subsp. enterica serovar Coleypark] >EIA8057984.1 replication/maintenance protein RepL [Salmonella enterica subsp. enterica serovar Derby] >EIW0110954.1 hypothetical protein [Klebsiella pneumoniae] >RIV74582.1 hypothetical protein D2U88_00025 [Muricauda aequoris]',)",0.00016444977026849463,177,0.02910760933752355,"[['PLRL', 119], ['SLAT', 123]]","[['PLRL', 119, 0.007466867981687696], ['SLAT', 123, 0.022023928998316768]]","[['PLRL', 119, 0.007466867981687696], ['SLAT', 123, 0.022023928998316768]]"
"('WP_000234699.1 MULTISPECIES: helix-turn-helix transcriptional regulator [Bacteria] >EEK75697.1 transcriptional regulator [Bacillus cereus R309803] >EEK97102.1 transcriptional regulator [Bacillus cereus BDRD-ST26] >MBQ2636401.1 helix-turn-helix transcriptional regulator [Methanobrevibacter sp.] >OUA68027.1 transcriptional regulator [Bacillus thuringiensis serovar thailandensis] >OUB93670.1 transcriptional regulator [Bacillus thuringiensis serovar canadensis] >CJC89181.1 HxlR family transcriptional regulator [Streptococcus pneumoniae]',)",9.286553401802777e-05,118,0.010958133014127276,"[['SPLR', 36], ['PLRL', 37]]","[['SPLR', 36], ['PLRL', 37]]","[['SPLRL', 36, 0.012437012981316683]]"
"('WP_049361702.1 MULTISPECIES: helix-turn-helix transcriptional regulator [Bacteria] >QNZ89527.1 helix-turn-helix transcriptional regulator [Staphylococcus aureus] >KAB2197044.1 helix-turn-helix transcriptional regulator [Staphylococcus epidermidis] >OHP14343.1 transcriptional regulator [Staphylococcus sp. HMSC058E12] >PIH24474.1 transcriptional regulator [Staphylococcus epidermidis] >PIH29513.1 transcriptional regulator [Staphylococcus epidermidis]',)",9.286553401802777e-05,120,0.011143864082163332,"[['SPLR', 36], ['PLRL', 37]]","[['SPLR', 36], ['PLRL', 37]]","[['SPLRL', 36, 0.012437012981316683]]"
